{"sections":{"1662971666b663c615":{"type":"contact-services","blocks":{"b12132b3-d433-4d8d-8c93-a0eb6af00fd4":{"type":"our_services","settings":{"ser_url":"","service_icon":"<i class=\"feather-phone-call\"><\/i>","service_title":"Phone number","service_description":"<p><a href=\"tel:(+01) 0223 6020 020\" title=\"tel:(+01) 0223 6020 020\">(+01) 0223 6020 020<\/a><br\/><a href=\"tel:(+01) 2006 0600 6000\" title=\"tel:(+01) 2006 0600 6000\">(+01) 2006 0600 6000<\/a><\/p>"}},"9686a887-be50-4390-bb51-ed06beab20eb":{"type":"our_services","settings":{"ser_url":"","service_icon":"<i class=\"feather-map-pin\"><\/i>","service_title":"Store address","service_description":"<p>Akshya nagar 1st block 1st <br\/>cross, bangalore-560016<\/p>"}},"29ea147e-b39a-4666-a762-8057c2bfab1f":{"type":"our_services","settings":{"ser_url":"","service_icon":"<i class=\"feather-mail\"><\/i>","service_title":"Customer email","service_description":"<p><a href=\"mailto:demoinfo@gmail.com\" title=\"mailto:demoinfo@gmail.com\">demoinfo@gmail.com<\/a><br\/><a href=\"mailto:Info8989@gmial.com\" title=\"mailto:Info8989@gmial.com\">Info8989@gmail.com<\/a><\/p>"}}},"block_order":["b12132b3-d433-4d8d-8c93-a0eb6af00fd4","9686a887-be50-4390-bb51-ed06beab20eb","29ea147e-b39a-4666-a762-8057c2bfab1f"],"settings":{"our_ser_padding_top":100,"our_ser_padding_bottom":100,"our_ser_padding_top_ip":80,"our_ser_padding_bottom_ip":80,"our_ser_padding_top_xs":60,"our_ser_padding_bottom_xs":60,"our_ser_bgcolor":"#ffffff"}},"1662974000da2ae674":{"type":"contact-banner","settings":{"section_padding_top":100,"section_padding_bottom":100,"section_padding_top_lg":80,"section_padding_bottom_lg":80,"section_padding_top_xs":60,"section_padding_bottom_xs":60,"section_bg_color":"#f5f5f5","banner_img":"shopify:\/\/shop_images\/contact-us-01.jpg","banner_title":"We would love to talk \nwith our great customer","banner_description":"Give us a call or drop by anytime, we endeavourto answer all enquiries within 24 hours on business days I’ve created a vocabulary of different styles i draw from many different ways to take a picture.","banner_button":"Shop now","banner_url":"","content_banner_btn_style":"btn-style1"}},"contact-us":{"type":"contact-us","settings":{"main_padding_top":100,"main_padding_bottom":100,"main_padding_top_lg":80,"main_padding_bottom_lg":80,"main_padding_top_xs":60,"main_padding_bottom_xs":60,"contact_drop_title":"Fill out the form and we'll get back soon!","name_placeholder":"Your name","email_placeholder":"Your email address","mobile_placeholder":"Your Mobile","message_placeholder":"Your message here...","form_button_name":"Submit","content_form_btn_style":"btn-style1"}}},"order":["1662971666b663c615","1662974000da2ae674","contact-us"]}