{"sections":{"1663052197f622366e":{"type":"about-section1","blocks":{"01a16269-bad5-4e5f-a228-da7cea71ad9b":{"type":"block","settings":{"pay_policy_que":"01. Our vision","pay_policy_ans1":"It is a long established fact that a reader will \nbe distracted by the readable content of a \npage when looking at its layout the point of \nusing"}},"7ef612c4-9613-462f-bcb5-9c705592512b":{"type":"block","settings":{"pay_policy_que":"02. Our mission","pay_policy_ans1":"It is a long established fact that a reader will \nbe distracted by the readable content of a \npage when looking at its layout the point of \nusing"}},"08839869-e155-446b-a508-b257e81b1c5a":{"type":"block","settings":{"pay_policy_que":"03. 20% Extra selected item","pay_policy_ans1":"It is a long established fact that a reader will \nbe distracted by the readable content of a \npage when looking at its layout the point of \nusing"}},"6fcb9be9-4f47-447a-b434-b686191a5b03":{"type":"block","settings":{"pay_policy_que":"04. Buyers protection","pay_policy_ans1":"It is a long established fact that a reader will \nbe distracted by the readable content of a \npage when looking at its layout the point of \nusing"}},"d638136c-cc90-4524-8336-e254bee138cc":{"type":"block","settings":{"pay_policy_que":"05. 24 Hour expert support","pay_policy_ans1":"It is a long established fact that a reader will \nbe distracted by the readable content of a \npage when looking at its layout the point of \nusing"}},"de20b081-8ee8-4081-92ec-4b9679153399":{"type":"block","settings":{"pay_policy_que":"06. No cost emi on credit card","pay_policy_ans1":"It is a long established fact that a reader will \nbe distracted by the readable content of a \npage when looking at its layout the point of \nusing"}}},"block_order":["01a16269-bad5-4e5f-a228-da7cea71ad9b","7ef612c4-9613-462f-bcb5-9c705592512b","08839869-e155-446b-a508-b257e81b1c5a","6fcb9be9-4f47-447a-b434-b686191a5b03","d638136c-cc90-4524-8336-e254bee138cc","de20b081-8ee8-4081-92ec-4b9679153399"],"settings":{"section_padding_top":100,"section_padding_bottom":100,"section_padding_top_ipad":80,"section_padding_bottom_ipad":80,"section_padding_top_xs":60,"section_padding_bottom_xs":60,"pay_policy_title":""}},"16630534961a2de605":{"type":"about-section2","blocks":{"629774aa-0fe5-47dc-80ce-07a59764566c":{"type":"counter","settings":{"service_icon":"<i class=\"feather-cloud\"><\/i>","service_title":"Soft fabric","service_description":"Get complimentary ground shipping everyorder don’t love it send it back."}},"8685c1d5-218a-44d8-bd7c-7dfa4b774bbe":{"type":"counter","settings":{"service_icon":"<i class=\"feather-feather\"><\/i>","service_title":"Lightweight","service_description":"Join freezy rewards earn gift cards\nenjoy exclusive member benefits."}},"4d6b2553-13b4-4b2a-9219-7facbe2f8f3c":{"type":"counter","settings":{"service_icon":"<i class=\"feather-clock\"><\/i>","service_title":"All day comfort","service_description":"We believe getting dressed should \nbe theeasiest part of your day."}}},"block_order":["629774aa-0fe5-47dc-80ce-07a59764566c","8685c1d5-218a-44d8-bd7c-7dfa4b774bbe","4d6b2553-13b4-4b2a-9219-7facbe2f8f3c"],"settings":{"section_padding_top":100,"section_padding_bottom":100,"section_padding_top_lg":80,"section_padding_bottom_lg":80,"section_padding_top_xs":60,"section_padding_bottom_xs":60,"section_bg_color":"#f5f5f5","section_title":"World's premium  design brands","section_des1":"Contrary to popular belief, lorem Ipsum is not simply random text it has roots in a piece of classical latin literature from","section_des2":"Looked up one of the more obscure latin words consectetur, from a passage word design.","title_button_url":"","about_banner":"shopify:\/\/shop_images\/about-us-01.jpg"}},"1663062661b5fab8be":{"type":"about-service","blocks":{"17168649-dc7b-49e6-af08-d741f9c9e96f":{"type":"our_services","settings":{"service_icon":"<i class=\"feather-truck\"><\/i>","service_title":"Free delivery","service_desc":"Orders over $99.00","service_url":""}},"a3abb7ab-028c-4154-941e-c42ca5c0c57e":{"type":"our_services","settings":{"service_icon":"<i class=\"feather-dollar-sign\"><\/i>","service_title":"Back guarantee","service_desc":"Money back guarantee.","service_url":""}},"3886da2e-982c-465a-9a5b-4562df607bd4":{"type":"our_services","settings":{"service_icon":"<i class=\"feather-headphones\"><\/i>","service_title":"Online support 24\/7","service_desc":"Delicated client support","service_url":""}},"86fd78b3-9bbf-48bf-8eec-5ac2491c1f7b":{"type":"our_services","settings":{"service_icon":"<i class=\"feather-rotate-ccw\"><\/i>","service_title":"90 Days return","service_desc":"If goods have problems","service_url":""}}},"block_order":["17168649-dc7b-49e6-af08-d741f9c9e96f","a3abb7ab-028c-4154-941e-c42ca5c0c57e","3886da2e-982c-465a-9a5b-4562df607bd4","86fd78b3-9bbf-48bf-8eec-5ac2491c1f7b"],"settings":{"section_padding_top":100,"section_padding_bottom":100,"section_padding_top_lg":80,"section_padding_bottom_lg":80,"section_padding_top_xs":60,"section_padding_bottom_xs":60,"section_bgcolor":"#f5f5f5"}},"1663063669cff83881":{"type":"about-testimonials","blocks":{"1274ec4d-cc8f-4fd9-907c-6f8d407f72db":{"type":"single_slide","settings":{"testi_authrtitle":"Hawaiinut","testi_authrbio":"Store waiter","testi_desc":"The food was excellent and so was the service \ni had the mushroom risotto with scallops which \nwas awesome my wife had a burger good.","authr_img":"shopify:\/\/shop_images\/ev-bike-testi-01_88a71a25-81b6-4169-a9d5-a241e9006de4.jpg"}},"2ce136cf-424b-40fa-af1f-2325b5407d37":{"type":"single_slide","settings":{"testi_authrtitle":"Richii greany","testi_authrbio":"Student","testi_desc":"There are many variations of passages of Lorem Ipsum available, \nbut the majority have suffered alteration in some form, by injected \nhumour, or randomised words believable.","authr_img":"shopify:\/\/shop_images\/ev-bike-testi-02_2d0ee259-2d2d-420e-9ecf-992858b4bf51.jpg"}},"57125078-936f-4640-9c94-ba536b3d762a":{"type":"single_slide","settings":{"testi_authrtitle":"Johan soina","testi_authrbio":"Store waiter","testi_desc":"The food was excellent and so was the service \ni had the mushroom risotto with scallops which \nwas awesome my wife had a burger good.","authr_img":"shopify:\/\/shop_images\/ev-bike-testi-03_f089d093-54ff-4177-9575-0151726c0d20.jpg"}}},"block_order":["1274ec4d-cc8f-4fd9-907c-6f8d407f72db","2ce136cf-424b-40fa-af1f-2325b5407d37","57125078-936f-4640-9c94-ba536b3d762a"],"settings":{"section_padding_top":100,"section_padding_bottom":100,"section_padding_top_ipad":80,"section_padding_bottom_ipad":80,"section_padding_top_xs":60,"section_padding_bottom_xs":60,"section_bg_color":"rgba(0,0,0,0)","section_sub_title":"","section_title":"Happy client say"}},"1663066144496d82cd":{"type":"about-banner","settings":{"section_padding_top":100,"section_padding_bottom":100,"section_padding_top_ip":80,"section_padding_bottom_ip":80,"section_padding_top_xs":60,"section_padding_bottom_xs":60,"banner_img":"shopify:\/\/shop_images\/about-us-02.jpg","banner_title":"We provided good solutions ranmised","banner_description":"All the lorem Ipsum generators on the Internet tend to repeat predefined chunks as necessary, making this the first true","banner_button":"Read continue","banner_url":"","about_banner_btn_style":"btn-style1"}},"our-team":{"type":"our-team","blocks":{"ca2b5a67-3399-4ca3-9b81-47ca332a9101":{"type":"our-vision","settings":{"member_img":"shopify:\/\/shop_images\/about-us-team-01.jpg","team_title":"Johnny walker","team_bio":"Web designer"}},"7d6d20e5-a7ef-4b79-b567-af0af70659ed":{"type":"our-vision","settings":{"member_img":"shopify:\/\/shop_images\/about-us-team-02.jpg","team_title":"Rebecca flex","team_bio":"Support staff"}},"040831d1-0507-4a0b-a0e0-b1f487d309b2":{"type":"our-vision","settings":{"member_img":"shopify:\/\/shop_images\/about-us-team-03.jpg","team_title":"Jan ringo","team_bio":"Deputy sale"}},"567e763d-20f5-45ea-b56b-544e61859a20":{"type":"our-vision","settings":{"member_img":"shopify:\/\/shop_images\/about-us-team-04.jpg","team_title":"Ringo kai","team_bio":"Policy member"}}},"block_order":["ca2b5a67-3399-4ca3-9b81-47ca332a9101","7d6d20e5-a7ef-4b79-b567-af0af70659ed","040831d1-0507-4a0b-a0e0-b1f487d309b2","567e763d-20f5-45ea-b56b-544e61859a20"],"settings":{"section_padding_top":100,"section_padding_bottom":100,"section_padding_top_lg":80,"section_padding_bottom_lg":80,"section_padding_top_xs":60,"section_padding_bottom_xs":60,"section_sub_title":"","section_title":"Who we are"}}},"order":["1663052197f622366e","16630534961a2de605","1663062661b5fab8be","1663063669cff83881","1663066144496d82cd","our-team"]}