{"sections":{"16629874751b2c9f43":{"type":"faq-section1","blocks":{"70523643-8879-4a3a-90dd-54ff155ebf42":{"type":"accordion_area","settings":{"accordion_title":"What do you mean by item ?","accordion_ans1":"As sample store uses some of the latest graphics designs which may not be supported in lower version of browsers"}},"37857c18-1773-4b97-84a2-6c06a528a1b3":{"type":"accordion_area","settings":{"accordion_title":"What are some examples ?","accordion_ans1":"As sample store uses some of the latest graphics designs which may not be supported in lower version of browsers"}},"97bc6a06-d1fc-4bf0-85f9-118455240438":{"type":"accordion_area","settings":{"accordion_title":"I'm not sure if my use is covered ?","accordion_ans1":"As sample store uses some of the latest graphics designs which may not be supported in lower version of browsers"}}},"block_order":["70523643-8879-4a3a-90dd-54ff155ebf42","37857c18-1773-4b97-84a2-6c06a528a1b3","97bc6a06-d1fc-4bf0-85f9-118455240438"],"settings":{"section_padding_top":100,"section_padding_bottom":100,"section_padding_top_ipad":80,"section_padding_bottom_ipad":80,"section_padding_top_xs":60,"section_padding_bottom_xs":60,"section_bg_color":"rgba(0,0,0,0)","faq_img":"shopify:\/\/shop_images\/faq_s-01.jpg","banner_url":"","list_main_title1":"Yes, everything a the side from pre-orders"}},"16630472591b994d8f":{"type":"faq-section2","blocks":{"91cb4506-c36b-4085-9568-36b94718b51d":{"type":"accordion_area1","settings":{"accordion_title":"How do i activate my account?","accordion_ans1":"As sample store uses some of the latest graphics designs which may not be supported in lower version of browsers"}},"68b3c557-4e29-4044-93b8-6761d8af0275":{"type":"accordion_area1","settings":{"accordion_title":"Why do we use it?","accordion_ans1":"As sample store uses some of the latest graphics designs which may not be supported in lower version of browsers"}},"32b5fb6e-9647-4dac-b0de-4c4e962acc64":{"type":"accordion_area1","settings":{"accordion_title":"Where does it come from?","accordion_ans1":"As sample store uses some of the latest graphics designs which may not be supported in lower version of browsers"}},"cec28f6d-bd59-4d7d-8b83-6c222bb03dd5":{"type":"accordion_area1","settings":{"accordion_title":"Where can i get some?","accordion_ans1":"As sample store uses some of the latest graphics designs which may not be supported in lower version of browsers"}},"466b98ab-44cc-4d0b-bddb-92a93f6230b0":{"type":"accordion_area2","settings":{"accordion_title":"Why does a beauty blender ?","accordion_ans1":"As sample store uses some of the latest graphics designs which may not be supported in lower version of browsers"}},"1752af16-7e75-4645-a217-761bc3f7b92d":{"type":"accordion_area2","settings":{"accordion_title":"What is better ?","accordion_ans1":"As sample store uses some of the latest graphics designs which may not be supported in lower version of browsers"}},"ea63b51c-9b9f-4192-a2b4-bc78a6b20912":{"type":"accordion_area2","settings":{"accordion_title":"Is it necessary to use ?","accordion_ans1":"As sample store uses some of the latest graphics designs which may not be supported in lower version of browsers"}},"200764a7-c432-467e-877a-fc93ed58c7b6":{"type":"accordion_area2","settings":{"accordion_title":"Should i moisturise ?","accordion_ans1":"As sample store uses some of the latest graphics designs which may not be supported in lower version of browsers"}}},"block_order":["91cb4506-c36b-4085-9568-36b94718b51d","68b3c557-4e29-4044-93b8-6761d8af0275","32b5fb6e-9647-4dac-b0de-4c4e962acc64","cec28f6d-bd59-4d7d-8b83-6c222bb03dd5","466b98ab-44cc-4d0b-bddb-92a93f6230b0","1752af16-7e75-4645-a217-761bc3f7b92d","ea63b51c-9b9f-4192-a2b4-bc78a6b20912","200764a7-c432-467e-877a-fc93ed58c7b6"],"settings":{"section_padding_top":100,"section_padding_bottom":100,"section_padding_top_ipad":80,"section_padding_bottom_ipad":80,"section_padding_top_xs":60,"section_padding_bottom_xs":60,"section_bg_color":"#f5f5f5","section_title":"","section_sub_title":"","list_main_title1":"Shopping information","list_main_title2":"Payment information"}},"1663042026dbb5b425":{"type":"faq-section3","blocks":{"0b306959-dd34-44be-b8be-d7766746c4fa":{"type":"accordion_area","settings":{"accordion_title":"What do you mean by item ?","accordion_ans1":"As sample store uses some of the latest graphics designs which may not be supported in lower version of browsers"}},"a79fc071-9c98-4a0c-8e2e-1a03883cd7e5":{"type":"accordion_area","settings":{"accordion_title":"What are some examples ?","accordion_ans1":"As sample store uses some of the latest graphics designs which may not be supported in lower version of browsers"}},"6a4787c3-514e-4481-b951-c3b2042effdb":{"type":"accordion_area","settings":{"accordion_title":"I'm not sure if my use is covered ?","accordion_ans1":"As sample store uses some of the latest graphics designs which may not be supported in lower version of browsers"}},"36e2e9a4-c1de-4c25-9535-7952be5e8b8b":{"type":"accordion_area","settings":{"accordion_title":"Is threading a better ?","accordion_ans1":"As sample store uses some of the latest graphics designs which may not be supported in lower version of browsers"}}},"block_order":["0b306959-dd34-44be-b8be-d7766746c4fa","a79fc071-9c98-4a0c-8e2e-1a03883cd7e5","6a4787c3-514e-4481-b951-c3b2042effdb","36e2e9a4-c1de-4c25-9535-7952be5e8b8b"],"settings":{"section_padding_top":100,"section_padding_bottom":100,"section_padding_top_ipad":80,"section_padding_bottom_ipad":80,"section_padding_top_xs":60,"section_padding_bottom_xs":60,"section_bg_color":"rgba(0,0,0,0)","section_title":"We are value developer\nbuilding tech solutions \nfor companies like.","section_description":"Lorem ipsum is simply dummy text of the printing and type setting industry. Ipsum has been the industry’s standard dummy text ever since the 1500s, when an unknown !","text_button":"More information","text_url":"","list_main_title1":""}}},"order":["16629874751b2c9f43","16630472591b994d8f","1663042026dbb5b425"]}