{"sections":{"privacy-policy":{"type":"privacy-policy","blocks":{"802affd4-cdda-46c5-bc46-5a2c87c83c1c":{"type":"privacy_policy","settings":{"service_img":"shopify:\/\/shop_images\/privacy-policy-01.jpg","service_title":"There are many variations of passages even slightly","service_desc":"Model sentence structures,  to generate lorem Ipsum a  which looks reasonable","service_button":"Read more","service_url":""}},"afdaba29-06e2-472b-9d3e-cead5782102a":{"type":"privacy_policy","settings":{"service_img":"shopify:\/\/shop_images\/privacy-policy-02.jpg","service_title":"There are many variations of passages even slightly","service_desc":"Model sentence structures, to generate lorem Ipsum a which looks reasonable","service_button":"Read more","service_url":""}}},"block_order":["802affd4-cdda-46c5-bc46-5a2c87c83c1c","afdaba29-06e2-472b-9d3e-cead5782102a"],"settings":{"section_padding_top":100,"section_padding_bottom":100,"section_padding_top_lg":80,"section_padding_bottom_lg":80,"section_padding_top_xs":60,"section_padding_bottom_xs":60,"section_bg_color":"#f5f5f5"}},"1663134348978a529c":{"type":"privacy-policy2","settings":{"section_padding_top":100,"section_padding_bottom":100,"section_padding_top_lg":80,"section_padding_bottom_lg":80,"section_padding_top_xs":60,"section_padding_bottom_xs":60,"main_title":"We know that good \ntech matters to build\nsucceed by creating.","title_desc":"There are many variations of passages of lorem Ipsum available, but the majority have suffered alteration in some form, by injected humour,","list_desc":"All the lorem Ipsum generators on the Internet tend\nto repeat predefined chunks as necessary, making \nthis the first true generator the generated","list_desc2":"It uses a dictionary of over 200 Latin words, combined with a handful of model sentence structures, to  where","text_url":"","text_button":"Privacy method","privacy_policy_btn_style":"btn-style1"}},"16631362479b349be1":{"type":"privacy-policy3","settings":{"section_padding_top":100,"section_padding_bottom":100,"section_padding_top_lg":80,"section_padding_bottom_lg":80,"section_padding_top_xs":60,"section_padding_bottom_xs":60,"section_bg_color":"#f5f5f5","privacy_img":"shopify:\/\/shop_images\/privacy-policy-03.jpg","image_title":"180+","image_sub_title":"Worldwide shipping","flag_img1":"shopify:\/\/shop_images\/London_643c9f97-3664-4a32-9852-49010c2c837f.png","content_title1":"London","content_description1":"401 Broadway, 24th floor, <br>\norchard view, london, UK","content_button_url1":"","content_button1":"info@yourdomain.com","flag_img2":"shopify:\/\/shop_images\/Australia_38ca4250-bca8-4fa0-8ed0-ccbe3bd8940a.png","content_title2":"Australia","content_description2":"401 Broadway, 24th floor, <br>\norchard view, australia","content_button_url2":"","content_button2":"info@yourdomain.com"}},"166314507302ed6e5a":{"type":"privacy-policy4","blocks":{"a471b76c-7e3a-402c-81da-2a491fc4f027":{"type":"privacy_policy","settings":{"service_title":"Changes to personally identifiable information","service_desc":"There are many variations of passages of lorem \navailable, but the majority have suffered alterat\nsome form, by injected humour, or randomised \nwhich don't look even slightly believable.","service_count1":"01","service_list1":"Providing your personal data to others","service_count2":"02","service_list2":"How we use your personal data"}},"b1aa1532-3a15-41cf-a0d3-73bf775b078f":{"type":"privacy_policy","settings":{"service_title":"Changes to personally identifiable information","service_desc":"There are many variations of passages of lorem \navailable, but the majority have suffered alterat\nsome form, by injected humour, or randomised \nwhich don't look even slightly believable.","service_count1":"01","service_list1":"Providing your personal data to others","service_count2":"02","service_list2":"How we use your personal data"}}},"block_order":["a471b76c-7e3a-402c-81da-2a491fc4f027","b1aa1532-3a15-41cf-a0d3-73bf775b078f"],"settings":{"section_padding_top":100,"section_padding_bottom":100,"section_padding_top_lg":80,"section_padding_bottom_lg":80,"section_padding_top_xs":60,"section_padding_bottom_xs":60,"section_bg_color":"rgba(0,0,0,0)"}}},"order":["privacy-policy","1663134348978a529c","16631362479b349be1","166314507302ed6e5a"]}