{"sections":{"product-template":{"type":"product-template","blocks":{"title_wrap":{"type":"title_wrap","settings":{}},"short_description":{"type":"short_description","settings":{}},"9286de46-bae8-48d3-96cb-39329fcfe05c":{"type":"product_variant_picker","settings":{"product_variant_handle":"product_variant_swatch_option","product_variant_color_image_enable":true}},"product_sku":{"type":"product_sku","settings":{"product_sku_title":"SKU:","social_share_enable":true,"social_share_title":"Share:"}},"payment_img":{"type":"payment_img","settings":{}}},"block_order":["title_wrap","short_description","9286de46-bae8-48d3-96cb-39329fcfe05c","product_sku","payment_img"],"settings":{"section_padding_top":100,"section_padding_bottom":100,"section_padding_top_ipad":80,"section_padding_bottom_ipad":80,"section_padding_top_xs":60,"section_padding_bottom_xs":60,"product_style_handle":"style_1","pro_bg_color":"#f5f5f5","border":1,"border_color":"#333333","border_enable":false,"border_color_opacity":0.1,"zoom_enable":true,"availability_title":"Availability:","brand_title":"Brand:","in_stock_title":"In stock","out_of_stock_title":"Out of stock"}},"single-product-tab":{"type":"single-product-tab","blocks":{"69f041ed-e935-4b3f-9d74-23f751e3e6eb":{"type":"product_desc","settings":{"product_info_tab_title":"Description"}},"080850ed-c09e-4bae-80dd-c6930c35a9da":{"type":"additional_information","settings":{"additional_information_title":"Additional information"}},"4b38226c-ab34-4a6b-9099-63b2eac5db96":{"type":"product_review_form","settings":{"product_review_tab_title":"Reviews"}}},"block_order":["69f041ed-e935-4b3f-9d74-23f751e3e6eb","080850ed-c09e-4bae-80dd-c6930c35a9da","4b38226c-ab34-4a6b-9099-63b2eac5db96"],"settings":{"section_padding_top":100,"section_padding_bottom":100,"section_padding_top_ipad":80,"section_padding_bottom_ipad":80,"section_padding_top_xs":60,"section_padding_bottom_xs":60,"section_bg_color_enable":false,"section_bg_color":"#f5f5f5","border":1,"border_color":"#eeeeee","border_enable":false,"border_color_opacity":1}},"related-product":{"type":"related-product","settings":{"section_padding_top":100,"section_padding_bottom":100,"section_padding_top_lg":80,"section_padding_bottom_lg":80,"section_padding_top_xs":60,"section_padding_bottom_xs":60,"section_bg_color":"#f5f5f5","border":1,"border_color":"#808080","border_enable":true,"border_color_opacity":0.3,"section_title":"Related product","category_special_product_col":"1","category_special_product_limit":"4","section_product_limit_handle":"10"}}},"order":["product-template","single-product-tab","related-product"]}