{"current":{"color_primary":"#4aa865","color_secondary":"#f2ff24","body_text_color":"#333333","extra_bgcolor":"#f5f5f5","section_heading_text_color":"#333333","para_text_color":"#808080","theme_border_color":"#808080","theme_border_color_opacity":0.1,"body_font_handle":"poppins_n4","body_custom_font_handle_enable":true,"body_custom_font_handle":"Roboto Condensed","body_custom_font_weight":500,"body_font_size":16,"body_letter_spacing":0,"header_font_handle":"poppins_n4","header_custom_font_handle_enable":true,"header_custom_font_handle":"Roboto Condensed","header_custom_font_weight":600,"section_header_custom_font_handle_enable":true,"section_header_custom_font_handle":"Roboto Condensed","section_header_custom_font_weight":700,"section_header_text_transform":"uppercase","paragraph_font_handle":"poppins_n4","paragraph_custom_font_handle_enable":true,"paragraph_custom_font_handle":"Roboto Condensed","paragraph_custom_font_weight":500,"paragraph_font_line_height":30,"other_font_handle":"lora_n4","other_custom_font_handle_enable":true,"other_custom_font_handle":"Roboto Condensed","tag_font_size":16,"tag_bgcolor":"#ffffff","tag_font_weight":600,"tag_border_color":"#808080","tag_border_color_opacity":0.1,"tag_border_radius":0,"enable_rtl":false,"google_analytic_enable":true,"google_tracking_id":"UA-110326897-1","newsletter_popup_enable":false,"newsletter_bgimg":"shopify:\/\/shop_images\/newsletter.jpg","newsletter_popup_title":"20% off","newsletter_text":"On your first purchase","newsletter_success_text":"Thank you for subscribe use this code:","newsletter_coupan_code":"20%OFF","email_placeholder":"Enter your email..","input_placeholder_color":"#000000","logo_header_max_width":135,"logo_header_1":"shopify:\/\/shop_images\/logo-white.png","logo_header_2":"shopify:\/\/shop_images\/logo-black.png","logo_footer_max_width":135,"logo_footer":"shopify:\/\/shop_images\/logo-black.png","favicon":"shopify:\/\/shop_images\/favicon.png","color_swatch_config":"Aliceblue:#f0f8ff\nBali hai:#86aab0\nBrandy rose:#ba957d\nRrown:#795548\nBrown rust:#b87145\nCeleste:#cdd1c6\nChestnut rose:#c66\nDanube:#72a6d8\nEquator:#e0b756\nFlint:#6f6963\nGull gray:#93a6b0\nJuniper:#719297\nMediumaquamarine:#66cdaa\nMercury:#e8e8e8\nMuddy waters:#b58555\nNebula:#cedbd8\nNeptune:#6ca6b7\nOlivedrab:#6b8e23\nPalegoldenrod:#eee8aa\nPigeon post:#a2c4d4\nQuicksand:#bb9290\nSand dune:#877666","sale_percent_enable":true,"show_product_type":true,"day_title":"Day","hour_title":"Hrs","minute_title":"Min","second_title":"sec","count_text_enable":true,"empty_cart":"No products in the cart.","cart_continue_shop":"Continue shopping","cart_continue_shop_link":"shopify:\/\/collections\/all","cart_desc1":"There are","cart_desc2":"products","cart_sub_total":"Sub Total:","cart_view":"View Cart","cart_checkout":"Checkout","product_quickview_enalbe":true,"qcv_add_to_cart_text":"Add to cart","search_bar_placeholder":"Find our seach","breadcrumb_banner_enable":true,"breadcrumb_padding_top":80,"breadcrumb_padding_bottom":80,"breadcrumb_padding_top_md":50,"breadcrumb_padding_bottom_md":50,"breadcrumb_bg_image_enable":true,"breadcrumb_bg_image":"shopify:\/\/shop_images\/breadcrumb.jpg","breadcrumb_bg_image_overlay_color":"#222222","breadcrumb_bg_image_overlay_color_opacity":0.2,"breadcrumb_bg_color":"#ffffff","breadcrumb_bottom_border_enable":false,"breadcrumb_title_color":"#ffffff","breadcrumb_main_color":"#ffffff","blog_read_btn":"View item","search_title":"Search","blog_search_placeholder":"Search blog","archive_title":"Archive","recent_title":"Recent post","recent_post_limit_handle":"5","blog_tags_title":"Tags","blog_tags_list_limit_handle":"15","social_icon_1_name":"fa fa-facebook","social_icon_1_link":"https:\/\/www.facebook.com\/login.php\/","social_icon_2_name":"fa fa-instagram","social_icon_2_link":"https:\/\/www.instagram.com\/","social_icon_3_name":"fa fa-twitter","social_icon_3_link":"https:\/\/twitter.com\/i\/flow\/login?input_flow_data=%7B%22requested_variant%22%3A%22eyJsYW5nIjoiZW4ifQ%3D%3D%22%7D","social_icon_4_name":"fa fa-dribbble","social_icon_4_link":"https:\/\/dribbble.com\/session\/new","payment_picker":"visa, paypal, master, american_express","payment_svg_width":45,"wishlist_enable":true,"add_wishlit_title":"Add wishlist","loading_wishlist":"Loding..","remove_wishlit_title":"Remove From wishlist","go_to_wishlit_title":"Go to wishlist","wishlist_empty_title":"Your wishlist is currently empty!","login_request_title":"Please login your account","dnt_acc_title":"Don't have an account?","alredy_acc_title":"Already an account holder?","customer_logout_title":"Logout","section_padding_top":100,"section_padding_bottom":100,"section_padding_top_lg":80,"section_padding_bottom_lg":80,"section_padding_top_xs":60,"section_padding_bottom_xs":60,"checkout_header_image":"","checkout_logo_image":"shopify:\/\/shop_images\/logo.png","checkout_logo_position":"left","checkout_logo_size":"medium","checkout_body_background_image":"","checkout_body_background_color":"#fff","checkout_input_background_color_mode":"white","checkout_sidebar_background_image":"","checkout_sidebar_background_color":"#fafafa","checkout_heading_font":"-apple-system, BlinkMacSystemFont, 'Segoe UI', Roboto, Helvetica, Arial, sans-serif, 'Apple Color Emoji', 'Segoe UI Emoji', 'Segoe UI Symbol'","checkout_body_font":"-apple-system, BlinkMacSystemFont, 'Segoe UI', Roboto, Helvetica, Arial, sans-serif, 'Apple Color Emoji', 'Segoe UI Emoji', 'Segoe UI Symbol'","checkout_accent_color":"#333333","checkout_button_color":"#333333","checkout_error_color":"#e32c2b","pro_hvr_enable":false,"logo_header":"shopify:\/\/shop_images\/logo_0bc1444e-b147-484f-950c-00720d1a34f6.png","box_enable":true,"color_body_bg":"#fff","color_third":"#f2fa42","wishlist_empty_title1":"Your","wishlist_empty_title2":"wishlist","wishlist_empty_title3":"is currently","wishlist_empty_title4":"Empty!","login_sub_text":"Please login below account detail","register_sub_text":"Please register below account detail","company_details":"Lpsum is simply dummy text of the printing and typesetting industry has been \nthe industry's standard dummy text","add_icon":"<i class=\"ri-map-pin-line\"><\/i>","add1":"Calista Wise 7292 Str,","add2":"Sample State. Sample city","con_icon":"<i class=\"ri-phone-line\"><\/i>","mail_icon":"<i class=\"ri-mail-line\"><\/i>","email2":"youdomain@gmail.com","breadcrumb_padding_top_xs":10,"breadcrumb_padding_bottom_xs":10,"newsletter_action":"","company_logo":"shopify:\/\/shop_images\/logo_70516c9a-9198-49b8-aa29-5603397cc109.png","company_logo_footer":"shopify:\/\/shop_images\/logo_70516c9a-9198-49b8-aa29-5603397cc109.png","new_title":"New","sale_title":"Sale","soldout_title":"Soldout","enable_preloader":false,"preloader_bg":"#ffffff","preloader_color":"#000000","preloader_border_color":"#ffffff","preloader_border_width":"5px","topbar_notification_enable":true,"notification_txt_color":"#333333","topbar_notification_text1":"Call : (000) 123 456 7890","enable_box":false,"customer_page_bgimg":"shopify:\/\/shop_images\/contact.jpg","cart_button_title":"Add to cart","unavailable_title":"Soldout","soldout_button_title":"Soldout","product_variant_handle":"product_variant_swatch_option","product_variant_color_image_enable":false,"popup_close_button_color":"#333333","popup_close_button_bgcolor":"rgba(0,0,0,0)","popup_close_button_hvr_color":"#1977f2","popup_close_button_hvr_bgcolor":"rgba(0,0,0,0)","newsletter_img":"shopify:\/\/shop_images\/popup.jpg","newletter_popup_title":"Subscribe <span>Votto<\/span>","popup_newsletter_title_color":"#333333","social_1_name":"","social_2_name":"","social_3_name":"","social_4_name":"","payment_visaimg":"shopify:\/\/shop_images\/payment-method-icon-01.jpg","payment_masterimg":"shopify:\/\/shop_images\/payment-method-icon-03.jpg","payment_paypalimg":"shopify:\/\/shop_images\/payment-method-icon-06.jpg","payment_expressimg":"shopify:\/\/shop_images\/payment-method-icon-02.jpg","payment_discoverimg":"shopify:\/\/shop_images\/payment-method-icon-04.jpg","logo_font_size":20,"logo_font_weight":600,"header_style":"Style7","footer_style":"Style7","one_day_popup_enable":true,"email_button":"Subscribe","offer_text_enable":false,"offer_label_img":"","offer_label_img_enable":false,"offer1":"Every day upto 45% off","offer2":"End of hot summer sale","offer3":"Get 50% off on lens","wait_title":"","added_title":"","affiliate_cart_button_title":"Buy from amazon","successfull_note":"Added to cart successfully!","view_cart_button2":"View Cart","categories_title":"Categories","app_img_enable":false,"truck_img":"","truck_icon":"","shipping_title":"Free Shipping","shipping_desc":"Oredr over $150 free","money_img":"","money_icon":"","money_title":"Money Back","money_desc":"100% Moneyback","support_img":"","support_icon":"","support_title":"Quality Support","support_desc":"Send within 30 days","gift_img":"","gift_icon":"","gift_title":"Gift & Voucher","gift_desc":"Oredr above $200","preloader_style":"Style_3","topbar_notification_text2":"Summer sale discount off 20%","topbar_notification_text_link":"Shop Now","topbar_notification_text_url":"shopify:\/\/collections\/best-for-gym","notification_bg_color":"#ffffff","section_title_img":"","qcv_cart_added_text":"","qcv_cart_error_text":"","qcv_cart_wait_text":"","heading_4041":"Page error!!!","opps_404":"shopify:\/\/shop_images\/404_f5fb5968-1375-41f0-b7fb-32f938ad4a23.png","sub_text_4041":"Not","sub_text_4042":"Found","desc_text_404":"Sorry but the page you are looking for does not exist, have been removed, name changed or is temporarity unavailable.","button_title":"Go to home page","button_url":"\/","email":"info@yourdomain.com","contact":"Phone: 1-800-222-000 Fax: 1-800-222-002","notification_banner_enable":false,"notification_bg_img":"","notification_banner1_img":"","notification_banner_offer":"70% off","notification_banner_offer_text":"on electronics today offer","notification_banner2_img":"","notification_banner3_img":"","categories_list_limit_hanlde":"50","vendors_title":"Vendors","vendors_list_limit_hanlde":"50","types_title":"Products Types","types_list_limit_hanlde":"50","color_title":"Color","color_picker":"DarkKhaki,\nBurlyWood,\nAntiqueWhite,\nGrey,\nLightSeaGreen,\nLightSalmon,\nFloralWhite,\nDarkSeaGreen,\nPaleVioletRed,\nPaleGoldenRod,\nMistyRose,\nSkyBlue,\nSilver,\nLinen,\nSkyBlue,\nSilver,\nSeaShell,\nTomato,\nThistle,\nSnow,\nWhite,\nSandyBrown,\nBlack,\nRosyBrown,\nPowderBlue,\nPapayaWhip,\nPink,\nRosyBrown,\nLinen,\nLightSlateGrey,\nMaroon,\nLightSteelBlue,\nWhite,\nBlack,","colors_list_limit_hanlde":"50","size_title":"Size","size_picker":"1\/kg,\n5\/kg,\n2\/kg,\n3\",\n4\",\n5\",\n9\",\n2.5\",\n8cm,\n9cm,\n10cm,\n15cm,\n9x6,\n12x10,\n5x5,\n30x30,\n18x18,\n20x20,\n15cm,\n6cm,\n2cm,\n30x30,\n35x35,\n15x24,\n1\/kg,\n2\/kg,\n5\/kg,\n11\",12\",8\",\n15\",16\",28\",\n12rose,\n24rose,\n48rose,","size_list_limit_hanlde":"50","tags_title":"Tags","tags_list_limit_hanlde":"50","best_product_limit_hanlde":"","best_product__title":"Best product","best_product_limit_hanlde5":"3","heading_4042":"0","heading_4043":"4","sub_text_4043":"Be","sub_text_4044":"Found","topbar_notification_text":"Welcome to fashcart store","acc_opacity":0.1,"log_term_con_syn":"*","log_term_con_text":"Terms & Conditions.","log_term_con_url":"","log_pri_pol_desc":"Your privacy and security are important to us. For more information on how we use your data read our","log_pri_pol_text":"privacy policy","log_pri_pol_url":"","breadcrumb_banner_image":"","breadcrumb_banner_bg":"#fafafa","breadcrumb_banner_overlay_color":"#000000","breadcrumb_banner_opacity":0,"breadcurmb_title_color":"#717171","breadcurmb_page_title_color":"#717171","active_breadcurmb_page_title_color":"#80bb01","company_logonotification_bg_img":"shopify:\/\/shop_images\/download_eab40c7c-6d47-4dd9-bb28-9cb5aa63bf60.jpg","foot_bg_img":"","foot_bg_img_enable":true,"foot_bg_color":"#d8eadd","foot_bg_color_enable":true,"notification_text":"Welcome to starplant store online","notification_text_color":"#222222","custom_page_margin_top":"100","custom_page_margin_bottom":"100","section_margin_top_xs":"70","section_margin_bottom_xs":"70","social_icon_7_name":"","social_7_name":"","social_icon_7_link":"","newsletter_button_name":"Subscribe","popup_newsletter_description_color":"#000000","input_fild_border_color":"#eee","input_fild_color":"#dddddd","newsletter_bg_img":"","newsletter_overlay_bgcolor":"#000","newsletter_overlay_opacicty":0.1,"notification_button_name":"","notification_button_url":"","notification_bg_image":"","topbar_color_1":"rgba(0,0,0,0)","topbar_color_2":"rgba(0,0,0,0)","notification_overlay_color":"rgba(0,0,0,0)","notification_overlay_opacity":0,"notificaction_button_bg_color":"#61ab00","notificaction_button_border_color":"#61ab00","notificaction_button_color":"#ffffff","notificaction_button_hover_bg_color":"rgba(0,0,0,0)","notificaction_button_hover_border_color":"#61ab00","notificaction_button_hover_color":"#61ab00","notificaction_close_button_bg_color":"","notificaction_close_button_border_color":"rgba(0,0,0,0)","notificaction_close_button_color":"#ffffff","notificaction_close_button_hover_bg_color":"rgba(0,0,0,0)","notificaction_close_button_hover_border_color":"rgba(0,0,0,0)","notificaction_close_button_hover_color":"#ffffff","heading_404":"404","sub_text_404":"PAGE NOT BE FOUND","button_name":"Subscribe","newsletter_overlay_color":"#000","newsletter_button_bg_color":"#d92542","newsletter_button_color":"#ffffff","newsletter_button_hover_bg_color":"#232323","newsletter_button_hover_color":"#fff","close_icon_color":"#ffffff","recent_post_title":"Recent Post","currency_enable":true,"supported_currencies":"USD, USD - US Dollar | EUR, EUR - Euro | GBP, GBP - British Pound | INR, INR - Indian Rupee | BDT, BDT - Bangladesh Taka | JPY, JPY - Japan Yen | CAD, CAD - Canada Dollar | AUD, AUD - Australian Dollar","supported_currencies_code":"USD, USD - US Dollar | EUR, EUR - Euro | GBP, GBP - British Pound","h_social_icon_1_name":"twitter","h_social_icon_2_name":"instagram","h_social_icon_3_name":"google-plus","h_social_icon_4_name":"linkedin","h_social_icon_5_name":"pinterest","h_social_icon_6_name":"","h_social_icon_7_name":"","notification_overlay_rgb_colo":"#000000","notification_overlay_rgb_color":"0, 0, 0","product_quickview_description_enable":true,"paragraph_font":"raleway_n4","body_font":"alfie_n4","type_header_font":"abril_fatface_n4","heading_font":"alfie_n4","breadcrumb_banner_image_enable":false,"cart_notes_enable":true,"cart_vendor_enable":false,"ajax_cart_method":"drawer","logo_use_image":false,"logo_max_width":"450","favicon_enable":false,"show_multiple_currencies":true,"currency_format":"money_with_currency_format","default_currency":"USD","color_body_text":"#333333","color_borders":"#e5e5e5","color_footer_bg":"#f2f2f2","color_footer_social_link":"#bbbbbb","color_footer_text":"#636363","footer_newsletter_enable":true,"footer_social_enable":true,"social_facebook_link":"","social_twitter_link":"","sections":{"header":{"type":"header","settings":{"header_sticky_enable":true,"header_top_bg_color":"rgba(0,0,0,0)","header_text_color":"#ffffff","header_main_menu":"main-menu","search_title":"Search","account_title":"My account","wishlist_title":"My wishlist","cart_title":"Cart"}},"footer":{"type":"footer","blocks":{"f2db45a9-754f-43cd-97f8-553d2e6b4a4d":{"type":"footer_menu","settings":{"container_width":17,"show_nav_title":true,"footer_menu_handle":"footer"}},"313240e9-0fa6-44e4-83a6-81f461e912cb":{"type":"footer_menu","settings":{"container_width":17,"show_nav_title":true,"footer_menu_handle":"support"}},"22f2cb9d-b1c6-43fb-8d09-644ed117f62f":{"type":"footer_menu","settings":{"container_width":16,"show_nav_title":true,"footer_menu_handle":"category"}},"5e1506dd-f6ec-4070-b9f3-95080827837a":{"type":"footer_menu","settings":{"container_width":17,"show_nav_title":true,"footer_menu_handle":"my-account"}},"8c967ecd-8960-4580-bbf1-5ecc0977e6de":{"type":"footer_menu","settings":{"container_width":16,"show_nav_title":true,"footer_menu_handle":"followed-by"}},"b581c200-af2d-49f8-91e1-7850c5ceea6e":{"type":"footer_menu","settings":{"container_width":17,"show_nav_title":true,"footer_menu_handle":"customer"}}},"block_order":["f2db45a9-754f-43cd-97f8-553d2e6b4a4d","313240e9-0fa6-44e4-83a6-81f461e912cb","22f2cb9d-b1c6-43fb-8d09-644ed117f62f","5e1506dd-f6ec-4070-b9f3-95080827837a","8c967ecd-8960-4580-bbf1-5ecc0977e6de","b581c200-af2d-49f8-91e1-7850c5ceea6e"],"settings":{"foot_padding_top":100,"foot_padding_bottom":50,"foot_padding_top_ipad":80,"foot_padding_bottom_ipad":50,"foot_padding_top_xs":60,"foot_padding_bottom_xs":50,"footer_bg_image_enable":false,"footer_bg_color_enable":true,"footer_bg_color":"#f5f5f5","text_color":"#808080","heading_color":"#333333","border":1,"border_color":"#808080","border_enable":false,"border_color_opacity":0.1,"copy_right_text1":"Ecommerce by qodexTM","copyright_menu_handle":"copyright-menu"}},"product-template":{"type":"product-template","settings":{"section_padding_top":100,"section_padding_bottom":0,"section_padding_top_xs":50,"section_padding_bottom_xs":0}},"related-product":{"type":"related-product","settings":{"section_padding_top":100,"section_padding_bottom":100,"section_padding_top_lg":70,"section_padding_bottom_lg":70,"section_padding_top_xs":50,"section_padding_bottom_xs":50,"section_title":"Related Product","section_product_limit_handle":"10"}},"single-product-tab":{"type":"single-product-tab","settings":{"section_padding_top":100,"section_padding_bottom":0,"section_padding_top_xs":50,"section_padding_bottom_xs":0}},"blog-template":{"type":"blog-template","settings":{"blog_news_padding_top":80,"blog_news_padding_bottom":80,"blog_news_column":"6","blog_news_limit_handle":"6","blog_news_through":"By","blog_news_read_btn":"Read More","blog_news_cmt":"Comment","blog_news_sidebar_handle":"left_sidebar_handle","blog_search_bar_enable":true,"recent_post_enable":true,"archive_enable":true,"tags_enable":true}},"article-template":{"type":"article-template","settings":{"article_check":false,"article_bgcolor":"rgba(0,0,0,0)","article_through":"By","article_cmt":"Comments","comment_post_limit_handle":"5","article_avtar_enable":false,"sidebar_handle":"left_sidebar_handle","blog_search_bar_enable":true,"recent_post_enable":true,"archive_enable":true,"tags_enable":true,"recent_post_limit_handle":"4"}},"cart-template":{"type":"cart-template","settings":{"cart_vendor_enable":true,"shipping_calculator_heading":"Shipping Info","shipping_calculator_button_title":"Calculate","cart_note_title":"Special instructions for seller","cart_total_title":"Total","checkout_button_title":"Checkout","cart_empty_title1":"Your","cart_continue_title":"Continue browsing","here_title":"here"}},"testimonial":{"type":"testimonial","settings":{}},"brand-logo":{"type":"brand-logo","blocks":{"1578114441052":{"type":"single_brand","settings":{"brand_image":"shopify:\/\/shop_images\/lecxi_e270b527-ebcb-442e-8179-fa45c7a147a5.png"}},"1578114454082":{"type":"single_brand","settings":{"brand_image":"shopify:\/\/shop_images\/bags_6e895ed3-77e9-418c-b21c-9ebcaa8a33cd.png"}},"1578114460303":{"type":"single_brand","settings":{"brand_image":"shopify:\/\/shop_images\/baxo_0c70c54d-d1d1-47cf-a629-07d0cc4797d9.png"}},"1578114465107":{"type":"single_brand","settings":{"brand_image":"shopify:\/\/shop_images\/collect_fdb2f6fa-bda4-4189-863d-622c9cd96116.png"}},"1578114470202":{"type":"single_brand","settings":{"brand_image":"shopify:\/\/shop_images\/lecxi_e270b527-ebcb-442e-8179-fa45c7a147a5.png"}},"1593869320576":{"type":"single_brand","settings":{"brand_image":"shopify:\/\/shop_images\/bags_6e895ed3-77e9-418c-b21c-9ebcaa8a33cd.png"}}},"block_order":["1578114441052","1578114454082","1578114460303","1578114465107","1578114470202","1593869320576"],"settings":{"brand_padding_top":100,"brand_padding_bottom":100,"brand_padding_top_lg":60,"brand_padding_bottom_lg":60,"brand_padding_top_xs":40,"brand_padding_bottom_xs":40}},"list-collection-template":{"type":"list-collection-template","settings":{"section_padding_top":100,"section_padding_bottom":100,"section_padding_top_lg":70,"section_padding_bottom_lg":70,"section_padding_top_xs":50,"section_padding_bottom_xs":50,"items_products":"Product","coll_btn":"Shop now"}},"sitemap":{"type":"sitemap","settings":{"menu":"main-menu"}},"our-services":{"type":"our-services","blocks":{"1598098392907":{"type":"our_services","settings":{"service_icon":"feather-truck","service_title":"Free shipping","service_desc":"It uses a dictionary of over 200 latin words, combined !","service_url":""}},"1598098476898":{"type":"our_services","settings":{"service_icon":"feather-rotate-ccw","service_title":"30 Days return","service_desc":"It uses a dictionary of over 200 latin words, combined !","service_url":""}},"1598098814123":{"type":"our_services","settings":{"service_icon":"feather-gift","service_title":"Gift voucher","service_desc":"It uses a dictionary of over 200 latin words, combined !","service_url":""}},"221dcf68-0608-4c60-8d27-37109d4255b1":{"type":"our_services","settings":{"service_icon":"feather-headphones","service_title":"27*7 Live support","service_desc":"It uses a dictionary of over 200 latin words, combined !","service_url":""}}},"block_order":["1598098392907","1598098476898","1598098814123","221dcf68-0608-4c60-8d27-37109d4255b1"],"settings":{"section_padding_top":100,"section_padding_bottom":100,"section_padding_top_lg":80,"section_padding_bottom_lg":80,"section_padding_top_xs":60,"section_padding_bottom_xs":60,"section_bgcolor_enable":true,"section_bgcolor":"#fbf7f7","border":1,"border_color":"#eeeeee","border_enable":false,"border_color_opacity":1}},"slider":{"type":"slider","blocks":{"1b3db085-a0de-4b68-8bd1-0726d19326b5":{"type":"slide","settings":{}},"1593690674739":{"type":"slide","settings":{}},"1593690709269":{"type":"slide","settings":{}}},"block_order":["1b3db085-a0de-4b68-8bd1-0726d19326b5","1593690674739","1593690709269"],"settings":{}},"featured-product":{"type":"featured-product","blocks":{"1593691077346":{"type":"product_tab","settings":{}},"1593691084479":{"type":"product_tab","settings":{}},"1593691089351":{"type":"product_tab","settings":{}}},"block_order":["1593691077346","1593691084479","1593691089351"],"settings":{"section_title":"Trending Products"}},"blog-home":{"type":"blog-home","settings":{"blog_padding_top":50,"blog_padding_bottom":0,"blog_padding_top_xs":40,"blog_padding_bottom_xs":40,"blog_bgcolor":"rgba(0,0,0,0)","blog_view_btn":"View All News","blog_view_btn_url":""}},"copy-right":{"type":"copy-right","settings":{"copyright_enable":true,"section_padding_top":30,"section_padding_bottom":30,"section_bg_color":"rgba(0,0,0,0)","copyright_text_color":"#808080","border":1,"border_color":"#583d85","border_enable":false,"border_color_opacity":1,"copy_right_text1":"Copyright","copy_right_icon":"fa fa-copyright","copy_right_text2":"2023 by qodex<sup>TM<\/sup>"}},"our-vision":{"type":"our-vision","blocks":{"1601796485635":{"type":"our-vision","settings":{"mission_icon":"shopify:\/\/shop_images\/mission.png","vision_title":"Our mission","vision_desc":"Lorem ipsum dolor sit amet, consectetur adipiscing elit., rutrum massa quis, porttitor lorem. Aliquam non est a ipsum facilisis scelerisque eu sed lectus."}},"1601796536563":{"type":"our-vision","settings":{"mission_icon":"shopify:\/\/shop_images\/vission.png","vision_title":"Our vision","vision_desc":"Lorem ipsum dolor sit amet, consectetur adipiscing elit., rutrum massa quis, porttitor lorem. Aliquam non est a ipsum facilisis scelerisque eu sed lectus."}}},"block_order":["1601796485635","1601796536563"],"settings":{"section_padding_top":100,"section_padding_bottom":100,"section_padding_top_lg":70,"section_padding_bottom_lg":70,"section_padding_top_xs":50,"section_padding_bottom_xs":50}},"our-team":{"type":"our-team","blocks":{"1601884127448":{"type":"our-vision","settings":{"member_img":"shopify:\/\/shop_images\/t6.jpg"}},"1601884136910":{"type":"our-vision","settings":{"member_img":"shopify:\/\/shop_images\/t7.jpg"}},"1601884137770":{"type":"our-vision","settings":{"member_img":"shopify:\/\/shop_images\/t5.jpg"}},"1601884138661":{"type":"our-vision","settings":{"member_img":"shopify:\/\/shop_images\/t3.jpg"}}},"block_order":["1601884127448","1601884136910","1601884137770","1601884138661"],"settings":{"section_padding_top":100,"section_padding_bottom":100,"section_padding_top_lg":70,"section_padding_bottom_lg":70,"section_padding_top_xs":50,"section_padding_bottom_xs":50}},"special-category":{"type":"special-category","settings":{}},"contact-us":{"type":"contact-us","settings":{"main_padding_top":100,"main_padding_bottom":100,"main_padding_top_lg":70,"main_padding_bottom_lg":70,"main_padding_top_xs":50,"main_padding_bottom_xs":50,"contact_drop_title":"Drop us message","name_placeholder":"Your name","email_placeholder":"Your email address","mobile_placeholder":"Your Mobile","message_placeholder":"Your message here...","form_button_name":"Submit"}},"terms-conditions":{"type":"terms-conditions","blocks":{"1601892801515":{"type":"terms-condition","settings":{"terms_condi_point":"There are many variations of passages of Lorem Ipsum available, but the majority have suffered alteration in some form, by injected humour, or randomised words which don't look even slightly believable."}},"1601892832399":{"type":"terms-condition","settings":{"terms_condi_point":"If you are going to use a passage of Lorem Ipsum, you need to be sure there isn't anything embarrassing hidden in the middle of text."}},"1601892845738":{"type":"terms-condition","settings":{"terms_condi_point":"All the Lorem Ipsum generators on the Internet tend to repeat predefined chunks as necessary, making this the first true generator on the Internet."}},"1601892854484":{"type":"terms-condition","settings":{"terms_condi_point":"It uses a dictionary of over 200 Latin words, combined with a handful of model sentence structures, to generate Lorem Ipsum which looks reasonable."}},"1601892863674":{"type":"terms-condition","settings":{"terms_condi_point":"The generated Lorem Ipsum is therefore always free from repetition, injected humour, or non-characteristic words etc."}},"1601892870367":{"type":"terms-condition","settings":{"terms_condi_point":"Lorem Ipsum has been the industry's standard dummy text ever since the 1500s, when an unknown printer took a galley of type and scrambled it to make a type specimen book."}},"1601892903269":{"type":"terms-condition","settings":{"terms_condi_point":"It was popularised in the 1960s with the release of Letraset sheets containing Lorem Ipsum passages, and more recently with desktop publishing software like Aldus PageMaker including versions of Lorem Ipsum."}},"1601892925344":{"type":"terms-condition","settings":{"terms_condi_point":"Sed ut perspiciatis unde omnis iste natus error sit voluptatem accusantium doloremque laudantium, totam rem aperiam, eaque ipsa quae ab illo inventore veritatis et quasi architecto beatae vitae dicta sunt explicabo."}},"1601892933214":{"type":"terms-condition","settings":{"terms_condi_point":"Nemo enim ipsam voluptatem quia voluptas sit aspernatur aut odit aut fugit, sed quia consequuntur magni dolores eos qui ratione voluptatem sequi nesciunt. Neque porro quisquam est, qui dolorem ipsum quia dolor sit amet, consectetur, adipisci velit, sed quia non numquam eius modi tempora incidunt ut labore et dolore magnam aliquam quaerat voluptatem."}},"1601892948131":{"type":"terms-condition","settings":{"terms_condi_point":"But I must explain to you how all this mistaken idea of denouncing pleasure and praising pain was born and I will give you a complete account of the system, and expound the actual teachings of the great explorer of the truth, the master-builder of human happiness."}},"1601893030566":{"type":"terms-condition","settings":{"terms_condi_point":"No one rejects, dislikes, or avoids pleasure itself, because it is pleasure, but because those who do not know how to pursue pleasure rationally encounter consequences that are extremely painful."}},"1601893034727":{"type":"terms-condition","settings":{"terms_condi_point":"Nor again is there anyone who loves or pursues or desires to obtain pain of itself, because it is pain, but because occasionally circumstances occur in which toil and pain can procure him some great pleasure."}},"1601893081514":{"type":"terms-condition","settings":{"terms_condi_point":"At vero eos et accusamus et iusto odio dignissimos ducimus qui blanditiis praesentium voluptatum deleniti atque corrupti quos dolores et quas molestias excepturi sint occaecati cupiditate non provident, similique sunt in culpa qui officia deserunt mollitia animi, id est laborum et dolorum fuga."}},"1601893111882":{"type":"terms-condition","settings":{"terms_condi_point":"Nam libero tempore, cum soluta nobis est eligendi optio cumque nihil impedit quo minus id quod maxime placeat facere possimus, omnis voluptas assumenda est, omnis dolor repellendus."}},"1601893124450":{"type":"terms-condition","settings":{"terms_condi_point":"Temporibus autem quibusdam et aut officiis debitis aut rerum necessitatibus saepe eveniet ut et voluptates repudiandae sint et molestiae non recusandae."}}},"block_order":["1601892801515","1601892832399","1601892845738","1601892854484","1601892863674","1601892870367","1601892903269","1601892925344","1601892933214","1601892948131","1601893030566","1601893034727","1601893081514","1601893111882","1601893124450"],"settings":{"section_padding_top":100,"section_padding_bottom":100,"section_padding_top_lg":70,"section_padding_bottom_lg":70,"section_padding_top_xs":50,"section_padding_bottom_xs":50,"terms_condi_title":"Terms & Conditions"}},"404-template":{"type":"404-template","settings":{"page_button_title":"Back to homepage","button_url":"\/"}},"1605848244aeafd51a":{"type":"slider","blocks":{"58585e36-a886-4e60-984d-69575dbc4190":{"type":"slide","settings":{"slider_image":"shopify:\/\/shop_images\/ev-bike-slide-01.png","slider_title":"Life is a short to ride ev bike","slider_title_color":"#ffffff","slider_title_effect":"e1","slider_info_1_icon":"shopify:\/\/shop_images\/ev-bike-slide-sub-img-01.jpg","slider_info_1_text_1":"Best quality","slider_info_1_text_2":"Jumper & tire","slider_info_1_text_color":"#ffffff","slider_info_2_icon":"shopify:\/\/shop_images\/ev-bike-slide-sub-img-02.jpg","slider_info_2_text_1":"A leather","slider_info_2_text_2":"Sheet 5T","slider_info_2_text_color":"#ffffff","slider_delivery_info_effect":"e1","slider_price_label":"Satrting price :","slider_price_label_color":"#FFFFFF","slider_price_text":"$999.00","slider_price_text_color":"#F2FF24","slider_price_effect":"e1","slider_button":"Go to store","slider_button_url":"shopify:\/\/collections","slider_button_style":"btn-style2","slider_button_effect":"e1","slider_navtext":"S1 pro bike"}},"a5e55ab8-34e4-4159-857d-b260cda00262":{"type":"slide","settings":{"slider_image":"shopify:\/\/shop_images\/ev-bike-slide-02.png","slider_title":"Ride with smile and your face","slider_title_color":"#ffffff","slider_title_effect":"e1","slider_info_1_icon":"shopify:\/\/shop_images\/ev-bike-slide-sub-img-03.jpg","slider_info_1_text_1":"Best quality","slider_info_1_text_2":"Jumper & tire","slider_info_1_text_color":"#ffffff","slider_info_2_icon":"shopify:\/\/shop_images\/ev-bike-slide-sub-img-04.jpg","slider_info_2_text_1":"A leather","slider_info_2_text_2":"Sheet 5T","slider_info_2_text_color":"#ffffff","slider_delivery_info_effect":"e1","slider_price_label":"Satrting price :","slider_price_label_color":"#FFFFFF","slider_price_text":"$999.00","slider_price_text_color":"#F2FF24","slider_price_effect":"e1","slider_button":"Go to store","slider_button_url":"shopify:\/\/collections","slider_button_style":"btn-style2","slider_button_effect":"e1","slider_navtext":"TS hign bike"}},"a1d185d1-8230-4cf9-a456-e85875111264":{"type":"slide","settings":{"slider_image":"shopify:\/\/shop_images\/ev-bike-slide-03.png","slider_title":"E-bikes going has never so !","slider_title_color":"#ffffff","slider_title_effect":"e1","slider_info_1_icon":"shopify:\/\/shop_images\/ev-bike-slide-sub-img-05.jpg","slider_info_1_text_1":"Best quality","slider_info_1_text_2":"Jumper & tire","slider_info_1_text_color":"#ffffff","slider_info_2_icon":"shopify:\/\/shop_images\/ev-bike-slide-sub-img-06.jpg","slider_info_2_text_1":"A leather","slider_info_2_text_2":"Sheet 5T","slider_info_2_text_color":"#ffffff","slider_delivery_info_effect":"e1","slider_price_label":"Satrting price :","slider_price_label_color":"#FFFFFF","slider_price_text":"$999.00","slider_price_text_color":"#F2FF24","slider_price_effect":"e1","slider_button":"Go to store","slider_button_url":"shopify:\/\/collections\/trending-product","slider_button_style":"btn-style2","slider_button_effect":"e1","slider_navtext":"TSR air bike"}}},"block_order":["58585e36-a886-4e60-984d-69575dbc4190","a5e55ab8-34e4-4159-857d-b260cda00262","a1d185d1-8230-4cf9-a456-e85875111264"],"settings":{"slider_bg_image_enable":true,"slider_bg_image":"shopify:\/\/shop_images\/ev-bike-slide-01-bg.jpg","slider_bg_color_enable":false,"slider_bg_color":"#ffffff","slider_autoplay_enable":false,"slider_autoplay_timeout":"5000","slider_autoplay_speed":"5000","home_dots_enable":true}},"wishlist":{"type":"wishlist","settings":{"wish_title":"My Wishlist:","wish_item_title":"Item","wish_cart_title":"Add to cart","wish_cart_add":"Done!","wish_cart_unvlbe":"ion-android-alert","wish_cart_stock_out":"Out Of Stock","wish_buy_now":"Buy Now","wish_cart_conti":"Continue Shopping","wish_cart_clear":"Clear Wishlist"}},"return-policy":{"type":"return-policy","blocks":{"e203eda0-d3aa-44ea-b721-b4480787ca17":{"type":"accordion_area1","settings":{"accordion_ans1":"As Sample Store uses some of the latest graphics designs which may not be supported in lower version of browsers designs which may not be supported in lower version of browsers"}},"677a415e-3a97-4252-ac3c-a07fd303595a":{"type":"accordion_area1","settings":{"accordion_ans1":"As Sample Store uses some of the latest graphics designs which may not be supported in lower version of browsers designs which may not be supported in lower version of browsers"}},"46069cbc-d8c6-4c41-bfcc-9eccdf3ed974":{"type":"accordion_area1","settings":{"accordion_ans1":"As Sample Store uses some of the latest graphics designs which may not be supported in lower version of browsers designs which may not be supported in lower version of browsers"}},"25417b60-a062-4b47-aa8a-e9aa830596d9":{"type":"accordion_area2","settings":{"accordion_ans2":"As Sample Store uses some of the latest graphics designs which may not be supported in lower version of browsers designs which may not be supported in lower version of browsers"}},"22eebcc3-5b22-4b4c-8703-4e0c5949a3b0":{"type":"accordion_area2","settings":{"accordion_ans2":"As Sample Store uses some of the latest graphics designs which may not be supported in lower version of browsers designs which may not be supported in lower version of browsers"}},"715620d4-8a54-4167-98e7-61cefcc1a4b9":{"type":"accordion_area2","settings":{"accordion_ans2":"As Sample Store uses some of the latest graphics designs which may not be supported in lower version of browsers designs which may not be supported in lower version of browsers"}},"f6f539ba-7a6c-4bbe-bb84-f69728d1df71":{"type":"accordion_area3","settings":{"accordion_ans3":"As Sample Store uses some of the latest graphics designs which may not be supported in lower version of browsers designs which may not be supported in lower version of browsers"}},"6c30c401-a42e-45bf-8f45-f9daaa482484":{"type":"accordion_area3","settings":{"accordion_ans3":"As Sample Store uses some of the latest graphics designs which may not be supported in lower version of browsers designs which may not be supported in lower version of browsers"}},"ce315a30-de27-42d9-a8e6-11d921fef369":{"type":"accordion_area3","settings":{"accordion_ans3":"As Sample Store uses some of the latest graphics designs which may not be supported in lower version of browsers designs which may not be supported in lower version of browsers"}},"28199609-3ed3-4527-a2c8-af5d47b8f437":{"type":"accordion_area4","settings":{"accordion_ans4":"As Sample Store uses some of the latest graphics designs which may not be supported in lower version of browsers designs which may not be supported in lower version of browsers"}},"08460bc3-9b6b-49a9-b795-9ae5a643d402":{"type":"accordion_area4","settings":{"accordion_ans4":"As Sample Store uses some of the latest graphics designs which may not be supported in lower version of browsers designs which may not be supported in lower version of browsers"}},"822132ec-0939-4b82-81dd-fdaf71d7a1fe":{"type":"accordion_area4","settings":{"accordion_ans4":"As Sample Store uses some of the latest graphics designs which may not be supported in lower version of browsers designs which may not be supported in lower version of browsers"}}},"block_order":["e203eda0-d3aa-44ea-b721-b4480787ca17","677a415e-3a97-4252-ac3c-a07fd303595a","46069cbc-d8c6-4c41-bfcc-9eccdf3ed974","25417b60-a062-4b47-aa8a-e9aa830596d9","22eebcc3-5b22-4b4c-8703-4e0c5949a3b0","715620d4-8a54-4167-98e7-61cefcc1a4b9","f6f539ba-7a6c-4bbe-bb84-f69728d1df71","6c30c401-a42e-45bf-8f45-f9daaa482484","ce315a30-de27-42d9-a8e6-11d921fef369","28199609-3ed3-4527-a2c8-af5d47b8f437","08460bc3-9b6b-49a9-b795-9ae5a643d402","822132ec-0939-4b82-81dd-fdaf71d7a1fe"],"settings":{"section_padding_top":100,"section_padding_bottom":100,"section_padding_top_ipad":70,"section_padding_bottom_ipad":70,"section_padding_top_xs":50,"section_padding_bottom_xs":50,"section_title1":"Free & Easy <span>Return<\/span>","section_title2":"Return Policy <span>30 Day<\/span>","section_title3":"What is a <span>Return Policy<\/span>","section_title4":"Secure With Your <span>Payment<\/span>","section_bg_color":"#ffffff"}},"payment-policy":{"type":"payment-policy","blocks":{"670b6195-e3c8-4149-bc8b-18936754d550":{"type":"payment-policy","settings":{"pay_policy_que":"Eway payment method","pay_policy_ans1":"Lorem ipsum is simply dummy text of the printing and typesetting industry. ipsum has been the industry's standard dummy text ever an unknown printer."}},"eef444e8-e742-44b7-9cd7-3543750f76d6":{"type":"payment-policy","settings":{"pay_policy_que":"Paypal Online Payment","pay_policy_ans1":"Lorem ipsum is simply dummy text of the printing and typesetting industry. ipsum has been the industry's standard dummy text ever an unknown printer."}},"b06be19d-462c-41f9-9679-05d3dcbe43ee":{"type":"payment-policy","settings":{"pay_policy_que":"Discover Payment","pay_policy_ans1":"Lorem ipsum is simply dummy text of the printing and typesetting industry. ipsum has been the industry's standard dummy text ever an unknown printer."}},"4d427822-beba-42ec-a0bf-13e5e1917456":{"type":"payment-policy","settings":{"pay_policy_que":"Sage Online Payment","pay_policy_ans1":"Lorem ipsum is simply dummy text of the printing and typesetting industry. ipsum has been the industry's standard dummy text ever an unknown printer."}},"82fd4ca0-46b6-4b07-a0c1-9aae34a04791":{"type":"payment-policy","settings":{"pay_policy_que":"Mastercard Payment","pay_policy_ans1":"Lorem ipsum is simply dummy text of the printing and typesetting industry. ipsum has been the industry's standard dummy text ever an unknown printer."}},"8e16b832-992b-4948-bca1-68aa3ce97bcc":{"type":"payment-policy","settings":{"pay_policy_que":"American Express","pay_policy_ans1":"Lorem ipsum is simply dummy text of the printing and typesetting industry. ipsum has been the industry's standard dummy text ever an unknown printer."}},"9bdc6a27-47d1-4323-8e66-fa17f0ef8e84":{"type":"payment-policy","settings":{"pay_policy_que":"Payment Introduction","pay_policy_ans1":"Lorem ipsum is simply dummy text of the printing and typesetting industry. ipsum has been the industry's standard dummy text ever an unknown printer."}},"aaac5f6f-f482-46a2-ae57-fd39cddcc5ad":{"type":"payment-policy","settings":{"pay_policy_que":"Policy Introduction","pay_policy_ans1":"Lorem ipsum is simply dummy text of the printing and typesetting industry. ipsum has been the industry's standard dummy text ever an unknown printer."}}},"block_order":["670b6195-e3c8-4149-bc8b-18936754d550","eef444e8-e742-44b7-9cd7-3543750f76d6","b06be19d-462c-41f9-9679-05d3dcbe43ee","4d427822-beba-42ec-a0bf-13e5e1917456","82fd4ca0-46b6-4b07-a0c1-9aae34a04791","8e16b832-992b-4948-bca1-68aa3ce97bcc","9bdc6a27-47d1-4323-8e66-fa17f0ef8e84","aaac5f6f-f482-46a2-ae57-fd39cddcc5ad"],"settings":{"section_padding_top":100,"section_padding_bottom":100,"section_padding_top_ipad":70,"section_padding_bottom_ipad":70,"section_padding_top_xs":50,"section_padding_bottom_xs":50,"pay_policy_title":"Payment Policy"}},"top-nocification-bar":{"type":"top-nocification-bar","settings":{"topbar_notification_enable":true,"topbar_notification_bg_color":"rgba(0,0,0,0)","topbar_notification_txt_color":"#333333","notification_text_1":"<p>Free shipping + Free return for above all country !<\/p>","notification_text_2":"<p>Biggesr diwali fastival     cele bration offer <a href=\"\/collections\/all\" title=\"All products\">50% off<\/a><\/p>"}},"slider-category":{"type":"slider-category","blocks":{"f990250e-1281-466a-825d-79787851e874":{"type":"product_tab","settings":{"slider_category_handle":"drone-360"}},"6229a67b-607f-40cb-9182-1a603ab22417":{"type":"product_tab","settings":{"slider_category_handle":"fresh-vegetables"}},"5a6ff482-de6d-4313-bc88-e4aa46079369":{"type":"product_tab","settings":{"slider_category_handle":"cooking-food"}},"3eb4efb5-d475-41bb-9cac-1ed5781cb947":{"type":"product_tab","settings":{"slider_category_handle":"healthy-juice"}},"8d58ccb0-d933-40d7-9c53-60d2ecd8978d":{"type":"product_tab","settings":{"slider_category_handle":"exotic-dryfruit-2"}},"c1d7b327-c6d6-4729-b59a-ab591decd994":{"type":"product_tab","settings":{"slider_category_handle":"exotic-dryfruit-2"}},"db2311bf-dffc-4525-9304-745a102c0b18":{"type":"product_tab","settings":{"slider_category_handle":"exotic-dryfruit-1"}}},"block_order":["f990250e-1281-466a-825d-79787851e874","6229a67b-607f-40cb-9182-1a603ab22417","5a6ff482-de6d-4313-bc88-e4aa46079369","3eb4efb5-d475-41bb-9cac-1ed5781cb947","8d58ccb0-d933-40d7-9c53-60d2ecd8978d","c1d7b327-c6d6-4729-b59a-ab591decd994","db2311bf-dffc-4525-9304-745a102c0b18"],"settings":{}},"1661863923c985dc6b":{"type":"blog-home","settings":{"blog_padding_top":100,"blog_padding_bottom":0,"blog_padding_top_ip":80,"blog_padding_bottom_ip":0,"blog_padding_top_xs":60,"blog_padding_bottom_xs":0,"blog_bgcolor":"rgba(0,0,0,0)","blog_bgcolor_enable":true,"section_title":"Our recently blog","blog_home":"news","blog_home_limit_handle":"8","blog_view_btn_enable":true,"blog_view_btn":"View more","blog_view_btn_url":"shopify:\/\/blogs\/news","blog_button_style":"btn-style1"}},"password-header":{"type":"password-header","settings":{"pwd_heder_soon_title":"Coming soon"}},"password-content":{"type":"password-content","settings":{"newsletter_enable":true,"newsletter_form_heading":"Be the first to know when we launch.","newsletter_form_subheading":"Promotions, new products and sales. Directly to your inbox.","newsletter_placeholder":"Email address","newsletter_button_text":"Notify me"}},"password-footer":{"type":"password-footer","settings":{"show_share_buttons":true,"social_message":"Spread the word"}},"1263a92d-5313-423d-90f3-913624a0951c":{"type":"slider-category","blocks":{"b094114e-250a-43df-ae50-e516ae93ec02":{"type":"product_tab","settings":{"slider_category_handle":"river-ev-bike","category_image":"shopify:\/\/shop_images\/ev-bike-cat-01.png"}},"d599fac9-e3fd-40b7-84fb-b8ed58be86ef":{"type":"product_tab","settings":{"slider_category_handle":"v1-pro-ev-bike","category_image":"shopify:\/\/shop_images\/ev-bike-cat-02.png"}},"b60ed547-9b1d-4021-99c2-6fe7887a0755":{"type":"product_tab","settings":{"slider_category_handle":"urbn-ev-bike","category_image":"shopify:\/\/shop_images\/ev-bike-cat-03.png"}},"21c636e8-4a2e-496b-939b-4712245744ee":{"type":"product_tab","settings":{"slider_category_handle":"rv400-ev-bike","category_image":"shopify:\/\/shop_images\/ev-bike-cat-04.png"}},"419b50e6-cbc6-41a1-9684-5a66c33ff7f8":{"type":"product_tab","settings":{"slider_category_handle":"estate-ev-bike","category_image":"shopify:\/\/shop_images\/ev-bike-cat-05.png"}},"c9262178-0fe8-43bf-829b-c9364338b4f8":{"type":"product_tab","settings":{"slider_category_handle":"mis-ev-bike","category_image":"shopify:\/\/shop_images\/ev-bike-cat-06.png"}},"5d3767ac-d25f-4369-8573-1bf243f09c91":{"type":"product_tab","settings":{"slider_category_handle":"ather-450x","category_image":"shopify:\/\/shop_images\/ev-bike-cat-07.png"}},"089a755f-464d-442c-b104-b6a732d5d422":{"type":"product_tab","settings":{"slider_category_handle":"ev-bike-tyres","category_image":"shopify:\/\/shop_images\/ev-bike-cat-08.png"}}},"block_order":["b094114e-250a-43df-ae50-e516ae93ec02","d599fac9-e3fd-40b7-84fb-b8ed58be86ef","b60ed547-9b1d-4021-99c2-6fe7887a0755","21c636e8-4a2e-496b-939b-4712245744ee","419b50e6-cbc6-41a1-9684-5a66c33ff7f8","c9262178-0fe8-43bf-829b-c9364338b4f8","5d3767ac-d25f-4369-8573-1bf243f09c91","089a755f-464d-442c-b104-b6a732d5d422"],"settings":{"section_padding_top":100,"section_padding_bottom":0,"section_padding_top_lg":80,"section_padding_bottom_lg":0,"section_padding_top_xs":60,"section_padding_bottom_xs":0,"section_bg_color":"#f5f5f5","section_title":"Shop category only 60% off","section_btn_enable":true,"section_btn_text":"View more","section_btn_url":"","section_btn_style":"btn-style1","item_bg_color":"#ffffff","item_label":"Item","items_label":"Items","section_heading":"Best collection"}},"8029ba1d-03af-4420-8e09-94259a0e968c":{"type":"special-category","settings":{"category_special_padding_top":100,"category_special_padding_bottom":100,"category_special_padding_top_ip":80,"category_special_padding_bottom_ip":80,"category_special_padding_top_xs":60,"category_special_padding_bottom_xs":60,"section_bgcolor":"#f5f5f5","section_bgcolor_enable":true,"border":1,"border_color":"#333333","border_enable":false,"border_color_opacity":0.1,"section_title":"Trending product","category_special_product_view":"grid","category_special_product_limit_handle":"12","category_special_product_col":"2","category_special_product_limit":"4","special_label_product":"v1-pro-ev-bike","category_special_button_enable":true,"category_special_button_text":"View more","category_special_button_style":"btn-style1"}},"newsletter":{"type":"newsletter","settings":{"news_padding_top":15,"news_padding_bottom":15,"news_padding_top_ip":15,"news_padding_bottom_ip":15,"news_padding_top_xs":15,"news_padding_bottom_xs":15,"newsletter_title":"Subscribe newsletter","newsletter_title_color":"#333333"}},"960e0f80-02b3-4294-8284-1dc5df53f3a2":{"type":"newsletter","settings":{"news_padding_top":100,"news_padding_bottom":100,"news_padding_top_ip":80,"news_padding_bottom_ip":80,"news_padding_top_xs":60,"news_padding_bottom_xs":60,"section_background_image_enable":false,"section_bg_color_enable":false,"section_bg_color":"#ffffff","newsletter_title":"Subscribe newsletter","newsletter_title_color":"#333333","newsletter_btn_style":"btn-style1"}},"edc55d49-24f4-4017-a8f0-3cbe694650aa":{"type":"custom-video-text","settings":{"custom_video_padding_top":100,"custom_video_padding_bottom":0,"custom_video_padding_top_ip":80,"custom_video_padding_bottom_ip":0,"custom_video_padding_top_xs":60,"custom_video_padding_bottom_xs":1,"section_bgcolor_enable":true,"section_bgcolor":"#f5f5f5","video_bg_image_enable":true,"video_bg_image":"shopify:\/\/shop_images\/ev-bike-video-img.jpg","video_bg_color_enable":false,"video_bg_color":"#f5f5f5","video_url":"https:\/\/www.youtube-nocookie.com\/embed\/OQRRlD3Ei5k","video_title_1":"It still cheaper than","video_title_2":"a petrol ev scooter.","video_title_color":"#ffffff","button_text":"Calculate savings","button_url":"shopify:\/\/collections\/all","video_btn_style":"btn-style2"}},"c967ff4f-7ba7-47b8-9bc0-06792c18eaac":{"type":"advance-features","blocks":{"124be3de-ef53-4544-8c0e-eeee2028d8be":{"type":"features_service","settings":{"feature_service_bg_color":"#f5f5f5","feature_info_icon":"feather-battery-charging","feature_title":"Higher truerange","feature_desc":"For the places you planned.","feature_service_1_title":"110 km","feature_service_1_subtitle":"3.7 kwh","feature_service_2_title":"90 km","feature_service_2_subtitle":"2.9 kwh"}},"c4b55830-18e5-4c0a-8c23-d3be0ab38fe1":{"type":"feature_banner","settings":{"feature_banner_image":"shopify:\/\/shop_images\/ev-bike-features-img-01.jpg","banner_info_icon":"feather-shield","banner_info_title":"Safer evobn","banner_title":"Emergency stop signal full safe","banner_title_color":"#ffffff","banner_url_text":"About story","banner_url":""}},"341d8b8f-dba8-4981-a1fd-42c0f8a3a6f2":{"type":"small_features","settings":{"small_feature_banner":"shopify:\/\/shop_images\/ev-bike-features-img-02.jpg","s_feature_info_icon":"feather-git-pull-request","s_feature_info_title":"New switchgear","s_feature_info_desc":"More control on the go."}},"0ca7b19c-f472-4ae8-8fab-9da3b74a3b90":{"type":"big_features","settings":{"big_feature_banner":"shopify:\/\/shop_images\/ev-bike-features-img-03.jpg","b_feature_info_icon":"feather-sunrise","b_feature_info_title":"Digital meter","b_feature_info_desc":"Go of the accelerator."}},"92aca0b6-a8ee-4e1f-85a7-6662887e66bb":{"type":"big_features","settings":{"big_feature_banner":"shopify:\/\/shop_images\/ev-bike-features-img-04.jpg","b_feature_info_icon":"feather-target","b_feature_info_title":"Powerful engine","b_feature_info_desc":"A 6.4kW PMSM motor."}}},"block_order":["124be3de-ef53-4544-8c0e-eeee2028d8be","c4b55830-18e5-4c0a-8c23-d3be0ab38fe1","341d8b8f-dba8-4981-a1fd-42c0f8a3a6f2","0ca7b19c-f472-4ae8-8fab-9da3b74a3b90","92aca0b6-a8ee-4e1f-85a7-6662887e66bb"],"settings":{"section_padding_top":100,"section_padding_bottom":100,"section_padding_top_lg":80,"section_padding_bottom_lg":80,"section_padding_top_xs":60,"section_padding_bottom_xs":60,"section_background_image_enable":false,"section_background_color_enable":false,"section_background_color":"#ffffff","section_title":"Advance features"}},"2ebccbd7-763e-409a-ac8d-35a10136f38c":{"type":"brand-logo","blocks":{"7e485647-68a1-410f-a2ad-f418a4f0084b":{"type":"single_brand","settings":{"brand_image":"shopify:\/\/shop_images\/ev-bike-brand-logo-01.png","logo_btn_text":"View store","brand_url":"","logo_btn_style":"btn-style1"}},"b5e85d45-421e-48a4-80e6-fa4040c11e21":{"type":"single_brand","settings":{"brand_image":"shopify:\/\/shop_images\/ev-bike-brand-logo-02.png","logo_btn_text":"View store","brand_url":"","logo_btn_style":"btn-style1"}},"cf7a27fb-f935-472a-a8fa-fc101718f44f":{"type":"single_brand","settings":{"brand_image":"shopify:\/\/shop_images\/ev-bike-brand-logo-03.png","logo_btn_text":"View store","brand_url":"","logo_btn_style":"btn-style1"}},"12422d1d-9920-4413-8c6c-5b8fc6d034a8":{"type":"single_brand","settings":{"brand_image":"shopify:\/\/shop_images\/ev-bike-brand-logo-04.png","logo_btn_text":"View store","brand_url":"","logo_btn_style":"btn-style1"}},"912f7e13-b72f-471f-b007-220182e8c245":{"type":"single_brand","settings":{"brand_image":"shopify:\/\/shop_images\/ev-bike-brand-logo-05.png","logo_btn_text":"View store","brand_url":"","logo_btn_style":"btn-style1"}},"35f50d27-e565-409c-9bfe-47d984e2656b":{"type":"single_brand","settings":{"brand_image":"shopify:\/\/shop_images\/ev-bike-brand-logo-06.png","logo_btn_text":"View store","brand_url":"","logo_btn_style":"btn-style1"}}},"block_order":["7e485647-68a1-410f-a2ad-f418a4f0084b","b5e85d45-421e-48a4-80e6-fa4040c11e21","cf7a27fb-f935-472a-a8fa-fc101718f44f","12422d1d-9920-4413-8c6c-5b8fc6d034a8","912f7e13-b72f-471f-b007-220182e8c245","35f50d27-e565-409c-9bfe-47d984e2656b"],"settings":{"brand_padding_top":100,"brand_padding_bottom":100,"brand_padding_top_lg":80,"brand_padding_bottom_lg":80,"brand_padding_top_xs":60,"brand_padding_bottom_xs":60,"section_background_image_enable":false,"section_background_color_enable":false,"section_background_color":"#ffffff","border":1,"border_color":"#808080","border_color_opacity":0.1,"border_enable":true}},"7c4a0cf8-f5db-4028-abbd-3f5c4d74d741":{"type":"testimonial","blocks":{"9db89f44-97db-4f53-9b0c-91b748f80983":{"type":"testi_slide","settings":{"testimonial_desc":"It is a long established fact that a reader will be distracted by the readable content of a page when looking at its layout.","testimonial_image":"shopify:\/\/shop_images\/ev-bike-testi-01.jpg","testimonial_title":"Maurn biologist","testimonial_subtitle":"Store customer","testimonial_comment_count":"03"}},"ebeb46e0-6cba-4ec9-b195-0f128919f5a2":{"type":"testi_slide","settings":{"testimonial_desc":"It is a long established fact that a reader will be distracted by the readable content of a page when looking at its layout.","testimonial_image":"shopify:\/\/shop_images\/ev-bike-testi-02.jpg","testimonial_title":"Maurn biologist","testimonial_subtitle":"Store customer","testimonial_comment_count":"03"}},"1e642968-c1b3-4ff6-bb52-b0257c85cfaf":{"type":"testi_slide","settings":{"testimonial_desc":"It is a long established fact that a reader will be distracted by the readable content of a page when looking at its layout.","testimonial_image":"shopify:\/\/shop_images\/ev-bike-testi-03.jpg","testimonial_title":"Maurn biologist","testimonial_subtitle":"Store customer","testimonial_comment_count":"03"}},"16f0d357-656f-4df2-af26-0914813ccc38":{"type":"testi_slide","settings":{"testimonial_desc":"It is a long established fact that a reader will be distracted by the readable content of a page when looking at its layout.","testimonial_image":"shopify:\/\/shop_images\/ev-bike-testi-04.jpg","testimonial_title":"Maurn biologist","testimonial_subtitle":"Store customer","testimonial_comment_count":"03"}},"9f6203ba-7dc8-46ac-9e5b-ee6def0131fe":{"type":"testi_slide","settings":{"testimonial_desc":"It is a long established fact that a reader will be distracted by the readable content of a page when looking at its layout.","testimonial_image":"shopify:\/\/shop_images\/ev-bike-testi-05.jpg","testimonial_title":"Simon cyrene","testimonial_subtitle":"Store customer","testimonial_comment_count":"03"}}},"block_order":["9db89f44-97db-4f53-9b0c-91b748f80983","ebeb46e0-6cba-4ec9-b195-0f128919f5a2","1e642968-c1b3-4ff6-bb52-b0257c85cfaf","16f0d357-656f-4df2-af26-0914813ccc38","9f6203ba-7dc8-46ac-9e5b-ee6def0131fe"],"settings":{"testi_padding_top":100,"testi_padding_bottom":100,"testi_padding_top_ip":80,"testi_padding_bottom_ip":80,"testi_padding_top_xs":60,"testi_padding_bottom_xs":60,"testi_bgimg_enable":false,"testi_bgcolor":"#f5f5f5","testi_bgcolor_enable":true,"section_title":"Happy client love","testimonial_slider_limit":"3"}},"d54f7d24-71be-4a43-b165-4cc2e429a2a2":{"type":"our-services","blocks":{"7f8b5553-c6dd-4a04-a7ef-d15bf248bb58":{"type":"our_services","settings":{"service_icon":"feather-x-square","service_title":"Zero down payment","service_desc":"It has survived not only five.","service_url":""}},"ebfaa5a8-27cc-4d87-9d50-16caebbe46af":{"type":"our_services","settings":{"service_icon":"feather-percent","service_title":"Interest rate 5.99%","service_desc":"It has survived not only five.","service_url":""}},"0ed3a6c6-031e-4023-9ae1-e1b0545bba04":{"type":"our_services","settings":{"service_icon":"feather-check-square","service_title":"Instant loan approval","service_desc":"It has survived not only five.","service_url":""}},"40859e2e-1fab-43d4-9793-4a636f9474da":{"type":"our_services","settings":{"service_icon":"feather-git-branch","service_title":"Best service 3 years","service_desc":"It has survived not only five.","service_url":""}}},"block_order":["7f8b5553-c6dd-4a04-a7ef-d15bf248bb58","ebfaa5a8-27cc-4d87-9d50-16caebbe46af","0ed3a6c6-031e-4023-9ae1-e1b0545bba04","40859e2e-1fab-43d4-9793-4a636f9474da"],"settings":{"section_padding_top":100,"section_padding_bottom":100,"section_padding_top_lg":80,"section_padding_bottom_lg":80,"section_padding_top_xs":60,"section_padding_bottom_xs":60,"section_bgcolor_enable":true,"section_bgcolor":"#f5f5f5","border":1,"border_color":"#808080","border_enable":true,"border_color_opacity":0.1}},"store-info":{"type":"store-info","blocks":{"5567144a-6053-49d4-937f-86a6ac59ae00":{"type":"store_info","settings":{"store_info_icon_class":"feather-phone-call","store_info_label":"Order now :","store_info_text":"<p><a href=\"tel:(+260) 150 105 018\" title=\"tel:(+260) 150 105 018\">(+260) 150 105 018<\/a><\/p>"}},"31128951-e1bd-4ab9-b26f-a14eee1763ae":{"type":"store_info","settings":{"store_info_icon_class":"feather-mail","store_info_label":"Email now :","store_info_text":"<p><a href=\"mailto:demo@demo.com\" title=\"mailto:demo@demo.com\">demo@demo.com<\/a><\/p>"}},"39f2aadf-e7c1-4a2d-98b5-e3f202e6dcc7":{"type":"store_info","settings":{"store_info_icon_class":"feather-map-pin","store_info_label":"Address now :","store_info_text":"<p>Akshya nagar 1st block 1st cross<\/p>"}}},"block_order":["5567144a-6053-49d4-937f-86a6ac59ae00","31128951-e1bd-4ab9-b26f-a14eee1763ae","39f2aadf-e7c1-4a2d-98b5-e3f202e6dcc7"],"settings":{"section_padding_top":30,"section_padding_bottom":30,"section_padding_top_ipad":30,"section_padding_bottom_ipad":30,"section_padding_top_xs":30,"section_padding_bottom_xs":30,"section_bg_image_enable":false,"section_bg_color_enable":true,"section_bg_color":"#f5f5f5","border_enable":true,"border":1,"border_color":"#808080","border_color_opacity":0.1}},"be62f199-fde3-4270-b515-6336944b8470":{"type":"side-banner-product","blocks":{"1aaee483-fae2-463d-b572-43dcec5bc02e":{"type":"banner_info","settings":{"info_icon":"feather-moon","info_title":"Dark mode","info_desc":"Great for night use"}},"688f8c0d-7488-4f0a-8da9-6384baad68bd":{"type":"banner_info","settings":{"info_icon":"feather-map-pin","info_title":"Google maps","info_desc":"First time scooter"}},"1ab3e149-4956-4123-8e17-7d0d6a92f234":{"type":"banner_info","settings":{"info_icon":"feather-bluetooth","info_title":"Calling","info_desc":"Bluetooth enabled"}}},"block_order":["1aaee483-fae2-463d-b572-43dcec5bc02e","688f8c0d-7488-4f0a-8da9-6384baad68bd","1ab3e149-4956-4123-8e17-7d0d6a92f234"],"settings":{"section_padding_top":100,"section_padding_bottom":0,"section_padding_top_ip":80,"section_padding_bottom_ip":0,"section_padding_top_xs":60,"section_padding_bottom_xs":0,"pro_tab_bgcolor":"#fcf8f8","pro_tab_bgcolor_enable":true,"border_enable":false,"border":1,"border_color":"#808080","border_color_opacity":0.2,"side_banner_image":"shopify:\/\/shop_images\/ev-bike-advance-features-img.jpg","product_select":"vr1-ev-bike","price_label":"Straring price :"}}},"content_for_index":["1605848244aeafd51a","1263a92d-5313-423d-90f3-913624a0951c","c967ff4f-7ba7-47b8-9bc0-06792c18eaac","2ebccbd7-763e-409a-ac8d-35a10136f38c","8029ba1d-03af-4420-8e09-94259a0e968c","be62f199-fde3-4270-b515-6336944b8470","960e0f80-02b3-4294-8284-1dc5df53f3a2","7c4a0cf8-f5db-4028-abbd-3f5c4d74d741","d54f7d24-71be-4a43-b165-4cc2e429a2a2","1661863923c985dc6b","edc55d49-24f4-4017-a8f0-3cbe694650aa"]},"presets":{"Default":{"ajax_cart_method":"drawer","cart_notes_enable":true,"color_body_bg":"#fff","color_body_text":"#333333","color_borders":"#e5e5e5","color_footer_bg":"#f2f2f2","color_footer_social_link":"#bbbbbb","color_footer_text":"#636363","color_primary":"#747474","color_secondary":"#bbb","favicon_enable":false,"footer_newsletter_enable":true,"footer_social_enable":true,"logo_use_image":false,"social_facebook_link":"","social_twitter_link":""}}}